"#","Name","Email"
"1","Admin","admin1@gmail.com"
"2","Editor","editor1@gmail.com"
"3","Author","author1@gmail.com"
"4","user","user1@gmail.com"
"6","Admin","admin2@gmail.com"
"7","Editor","editor2@gmail.com"
"8","Author","author2@gmail.com"
"9","user","user2@gmail.com"
"10","Admin","admin3@gmail.com"
"11","Editor","editor3@gmail.com"
"12","Author","author3@gmail.com"
"13","user","user3@gmail.com"
"14","Admin","admin4@gmail.com"
"15","Editor","editor4@gmail.com"
"16","Author","author4@gmail.com"
"17","user","user4@gmail.com"
